date,scheduled_time,timezone,slug,title,theme,channels,reddit_targets,status,notes
2026-05-24,09:30,America/New_York,founder-origin,Why StockArithm exists,founder_origin,x;medium;substack;substack_note;reddit,algotrading;investing;stocks;quant;security_analysis,scheduled,"Personal origin story. Lead with why the lab exists, not the product pitch."
2026-05-27,09:30,America/New_York,board-explainer,How to read the board,board_explainer,x;medium;substack;substack_note;reddit,algotrading;investing;stocks;quant;security_analysis,scheduled,Explain force rank vs rolling 30D and why the split matters.
2026-05-29,09:30,America/New_York,public-failure,Why the failures stay visible,public_failure,x;medium;substack;substack_note;reddit,algotrading;investing;stocks;quant;security_analysis,scheduled,"Make the failure case the point, not an aside."
2026-05-31,09:30,America/New_York,regime-mismatch,Why good signals fail in the wrong regime,regime_mismatch,x;medium;substack;substack_note;reddit,algotrading;investing;stocks;quant;security_analysis,scheduled,"Focus on regime mismatch, not simple strategy bragging."
2026-06-03,09:30,America/New_York,data-source-deep-dive,One data source and what it really measures,data_source_deep_dive,x;medium;substack;substack_note;reddit,algotrading;investing;stocks;quant;security_analysis,scheduled,Pick one interesting alternative-data source and explain the logic.
2026-06-05,09:30,America/New_York,named-signal-spotlight,What a named signal teaches us,named_signal_spotlight,x;medium;substack;substack_note;reddit,algotrading;investing;stocks;quant;security_analysis,scheduled,"Use a named algo as a teaching example, not a pitch."
2026-06-07,09:30,America/New_York,scorecard-snapshot,The current scorecard in one glance,scorecard_snapshot,x;medium;substack;substack_note;reddit,algotrading;investing;stocks;quant;security_analysis,scheduled,"Short, numbers-first snapshot."
2026-06-10,09:30,America/New_York,regime-tagging,Why regime tagging matters,regime_tagging,x;medium;substack;substack_note;reddit,algotrading;investing;stocks;quant;security_analysis,scheduled,Connect the validation layer to the regime-aware backlog item.
2026-06-12,09:30,America/New_York,failure-autopsy,What one failed signal taught me,failure_autopsy,x;medium;substack;substack_note;reddit,algotrading;investing;stocks;quant;security_analysis,scheduled,Autopsy a failure without dressing it up.
2026-06-14,09:30,America/New_York,public-lab-rules,The rules that keep the lab honest,public_lab_rules,x;medium;substack;substack_note;reddit,algotrading;investing;stocks;quant;security_analysis,scheduled,"Voice, honesty, transparency, no invention."
2026-06-17,09:30,America/New_York,signal-survivors,The signals that survived so far,signal_survivors,x;medium;substack;substack_note;reddit,algotrading;investing;stocks;quant;security_analysis,scheduled,Talk about persistence without overclaiming.
2026-06-19,09:30,America/New_York,comparison-post,Comparing the top and bottom of the board,comparison_post,x;medium;substack;substack_note;reddit,algotrading;investing;stocks;quant;security_analysis,scheduled,Contrast the strongest and weakest names in a clean way.
2026-06-21,09:30,America/New_York,boring-winners,Why the boring winners matter,boring_winners,x;medium;substack;substack_note;reddit,algotrading;investing;stocks;quant;security_analysis,scheduled,Show that the dull signals can be the useful ones.
2026-06-24,09:30,America/New_York,method-transparency,How to make the process inspectable,method_transparency,x;medium;substack;substack_note;reddit,algotrading;investing;stocks;quant;security_analysis,scheduled,Focus on traceability and public process.
2026-06-26,09:30,America/New_York,what-changed,What changed since the last update,what_changed,x;medium;substack;substack_note;reddit,algotrading;investing;stocks;quant;security_analysis,scheduled,Use this as a mid-window update.
2026-06-28,09:30,America/New_York,july1-prep,What still needs to be true by July 1,july1_prep,x;medium;substack;substack_note;reddit,algotrading;investing;stocks;quant;security_analysis,scheduled,Tie the content back to launch readiness.
2026-07-01,09:30,America/New_York,traction-update,The free-launch traction check,traction_update,x;medium;substack;substack_note;reddit,algotrading;investing;stocks;quant;security_analysis,scheduled,Prepare the July 1 decision framing.
2026-07-02,09:30,America/New_York,launch-checkpoint,July 1 checkpoint and next move,launch_checkpoint,x;medium;substack;substack_note;reddit,algotrading;investing;stocks;quant;security_analysis,scheduled,Final checkpoint bundle.
